Company Category,Company,Overall Job Category,Job Category,Title,Min Experience,Max Experience,Country,State,City,Location Type,JobType,Job Link,Activated Date,Skills,Min Salary,Max Salary
Gaming Company,Activision,Data & Analytics,Data-analysis,"Senior Manager, Data Science and Economics",10.0,,United States,California,Santa Monica,Hybrid,Full-time,https://activision.wd1.myworkdayjobs.com/en-US/External/job/Santa-Monica/Senior-Manager--Data-Science-and-Economics_R026276,29 Oct 2025,"Communication, data-analytics, game-texts, data-science, python, sql, machine-learning",134320.0,248404.0
Gaming Company,Amazon games,Game Design,Game-ai,"Senior Technical Program Manager, AI Games, Amazon Luna",7.0,,United States,,,On-site,Full-time,https://www.amazon.jobs/jobs/3115921,29 Oct 2025,"Cross-functional, unity, talent-acquisition, game-texts, automated-testing, aws, python, sql",133900.0,231400.0
Gaming Company,Anavation,Engineering & Development,Programming,Junior Software Developer,1.0,,United States,District of Columbia,Washington,On-site,Full-time,https://jobs.lever.co/anavationllc/9b075d4f-671e-46df-892c-b9f54360d8aa,29 Oct 2025,"Team-management, communication, design-patterns, github, talent-acquisition, game-texts, agile-development, react, aws, azure, hibernate, ci-cd, angular, docker, nestjs, git, python, next.js, typescript, javascript, java",,
Gaming Company,Anthology Inc,Engineering & Development,Software-development-&-engineering,Implementation Consultant II,2.0,,India,Karnataka,Bengaluru,Hybrid,Full-time,https://jobs.jobvite.com/anthology/job/ojpWwfwU,29 Oct 2025,"Communication, problem-solving, risk-management, risk-mitigation, game-texts, salesforce, sql",,
Gaming Company,awem,Art & Tech Art,Motion-design,2D Motion Designer,2.0,,,,,Remote,Full-time,https://awem.com/vacancy/2d-motion-des,29 Oct 2025,"Character-design, color-theory, talent-acquisition, game-texts, composition, spine, photoshop, blender",,
Gaming Company,Bazaar Voice,Localization & Translation,Localization,Technical Consultant - German Speaking,,,Lithuania,Vilnius County,Vilnius,Hybrid,Full-time,https://jobs.lever.co/bazaarvoice/69da9f32-b823-4eef-b943-53214a223b61,29 Oct 2025,"Team-management, communication, problem-solving, talent-acquisition, game-texts, quality-control, html, seo, mean, javascript, css",26400.0,30000.0
Gaming Company,Behaviour Interactive,Game Design,Game-design,Game Designer - Winter 2026 Internship,,,United Kingdom,England,Middlesbrough,Hybrid,Full-time,https://jobs.lever.co/bhvr/3a52e1a1-643e-4878-9e27-5cb9d1982ba0,29 Oct 2025,"Communication, talent-acquisition, game-texts, prototyping",,
Gaming Company,Blue zoo,Video and Video Editing,Video-editing,Junior Channel Manager/Video Editor – YouTube (& Streaming Platforms),0.5,,United Kingdom,England,London,Remote,Contract,https://careers.blue-zoo.co.uk/vacancies/1081/junior-channel-manager-video-editor--youtube--streaming-platforms.html,29 Oct 2025,"Communication, motion-graphics, game-texts, photoshop, adobe-premiere",,
Gaming Company,Catface,Writing & Narrative,Editorial,Video Script Writer,4.0,,United States,Texas,Austin,Remote,Full-time,https://catface.bamboohr.com/careers/156,29 Oct 2025,"Communication, visual-storytelling, game-texts, proofreading, storytelling, agile-development",60000.0,70000.0
Gaming Company,CD PROJEKT RED,Animation & Cinematics,3d-animation,"Cinematic Animator, Open World (contract)",2.0,,Poland,Masovian Voivodeship,Warsaw,Hybrid,Full-time,https://jobs.smartrecruiters.com/CDPROJEKTRED/744000090388465-cinematic-animator-open-world-contract-,29 Oct 2025,"Motion-capture, rigging, character-design, oops, unreal, game-texts, storytelling, prototyping, blueprints, creature, maya",,
Gaming Company,CD PROJEKT RED,Art & Tech Art,Technical-art,Lead Technical Producer,8.0,,Poland,Masovian Voivodeship,Warsaw,Hybrid,Full-time,https://jobs.smartrecruiters.com/CDPROJEKTRED/744000090185685-lead-technical-producer,29 Oct 2025,"Cross-functional, communication, oops, game-texts, agile-development, confluence, jira",,
Gaming Company,CD PROJEKT RED,Art & Tech Art,Technical-art,"Technical Artist, VFX",5.0,,Poland,Masovian Voivodeship,Warsaw,On-site,Full-time,https://jobs.smartrecruiters.com/CDPROJEKTRED/744000090368613-technical-artist-vfx,29 Oct 2025,"Real-time-vfx, communication, budget-management, rendering, autodesk-maya, shader-development, oops, cpp, unreal, talent-acquisition, game-texts, houdini, python, substance-painter, maya, autodesk, blender",,
Gaming Company,CD PROJEKT RED,Engineering & Development,Devops,AI DevOps Engineer,,,Poland,Masovian Voivodeship,Warsaw,Hybrid,Full-time,https://jobs.smartrecruiters.com/CDPROJEKTRED/744000090442617-ai-devops-engineer,29 Oct 2025,"Cross-functional, communication, oops, game-texts, data-science, ci-cd, machine-learning",,
Gaming Company,CD PROJEKT RED,Localization & Translation,Localization,English Adaptation Specialist,,,Poland,Masovian Voivodeship,Warsaw,Hybrid,Full-time,https://jobs.smartrecruiters.com/CDPROJEKTRED/744000090091370-english-adaptation-specialist,29 Oct 2025,"Problem-solving, excel, rendering, oops, game-texts",,
Gaming Company,CD PROJEKT RED,Research & Development,Research-development,Lead AI Engineer,7.0,,United States,Massachusetts,Boston,Remote,Full-time,https://jobs.smartrecruiters.com/CDPROJEKTRED/744000090703785-lead-ai-engineer,29 Oct 2025,"Team-management, communication, problem-solving, resource-allocation, oops, cpp, unreal, talent-acquisition, game-texts, resource-planning, agile-development, multiplayer",,
Gaming Company,CD PROJEKT RED,Writing & Narrative,Game-story-writing-narratived-design,Lead Narrative Designer,3.0,,United States,Massachusetts,Boston,Hybrid,Full-time,https://jobs.smartrecruiters.com/CDPROJEKTRED/744000090469401-lead-narrative-designer-,29 Oct 2025,"Team-management, cross-functional, communication, character-design, artistic-vision, oops, unreal, talent-acquisition, creative-writing, game-texts, script-writing, storytelling, cross-functional-collaboration, multiplayer",,
Gaming Company,CloudLinux,IT & Security,Cyber-security,Go Developer / Security Researcher,4.0,,,,,Remote,Full-time,https://apply.workable.com/cloudlinux-1/j/C30BD8E795/,29 Oct 2025,"Oracle, budget-management, github, game-texts, gitlab, linux, ci-cd, kubernetes, git, python, php, jenkins",,
Gaming Company,Dream Sports,Animation & Cinematics,3d-animation,Senior 3D Animator,5.0,,India,Maharashtra,Mumbai,On-site,Full-time,https://jobs.lever.co/dreamsports/969913ec-1d00-4203-8add-0b3ffc7ea7a9,29 Oct 2025,"3d-animation, motion-capture, communication, rigging, vicon, optitrack, unreal, unity, talent-acquisition, game-texts, mel, python, maya, autodesk",,
Gaming Company,Dream Sports,Art & Tech Art,3d-art,Senior 3D Artist,5.0,,India,Maharashtra,Mumbai,On-site,Full-time,https://jobs.lever.co/dreamsports/3d924e33-19d2-4804-b593-0e6fa058006a,29 Oct 2025,"Real-time-vfx, rendering, 3ds-max, anatomy, 3d-modeling, environment-design, unreal, unity, game-texts, storytelling, lighting-shading, texturing, video-editing, substance-painter, photoshop, zbrush, final-cut-pro, maya, blender",,
Gaming Company,easygo,Product Design,Product-design,Product Design Manager,8.0,,Australia,Victoria,Melbourne,On-site,Full-time,https://job-boards.greenhouse.io/easygo/jobs/4961558007,29 Oct 2025,"Team-management, game-texts, slack",,

